insert into image values( 2087, '', 'Eucalyptus pauciflora', 'http://gigadb.org/images/data/cropped/100679.png', 'CC0', 'Wang et al., 2019', 'Wang et al., 2019' );
update dataset set id = 1995, submitter_id = 1840, image_id = 2087, identifier = '100679', title = 'Supporting data for "The draft nuclear genome assembly of Eucalyptus pauciflora: a pipeline for comparing de novo assemblies"', description = 'Eucalyptus pauciflora  (the snow gum) is a long-lived tree with high economic and ecological importance. Currently, little genomic information for  Eucalyptus pauciflora  is available. Here, we sequentially assemble the genome of  Eucalyptus pauciflora  with different methods, and combine multiple existing and novel approaches to help to select the best genome assembly. We generated high coverage of long- (Nanopore, 174x) and short- (Illumina, 228x) read data from a single  Eucalyptus pauciflora  individual and compared assemblies from five assemblers (Canu, SMARTdenovo, Flye, Marvel, and MaSuRCA) with different read lengths (1kb and 35 kb minimum read length). A key component of our approach is to keep a randomly selected collection of ~10% of both long- and short-reads separated from the assemblies to use as a validation set for assessing assemblies. Using this validation set along with a range of existing tools, we compared the assemblies in eight ways: contig N50, BUSCO scores, LAI (Long terminal repeat Assembly Index) scores, assembly ploidy, base-level error rate, CGAL (Computing Genome Assembly Likelihoods) scores, structural variation, and genome sequence similarity. Our result showed that MaSuRCA generated the best assembly, which is 594.87 Mb in size, with a contig N50 of 3.23 Mb, and an estimated error rate of ~0.006 errors per base. We report a draft genome of  Eucalyptus pauciflora  , which will be a valuable resource for further genomic studies of eucalypts. The approaches for assessing and comparing genomes, should help in assessing and choosing among many potential genome assemblies from a single dataset.', dataset_size = 9663676416, ftp_site = 'ftp://parrot.genomics.cn/gigadb/pub/10.5524/100001_101000/100679/', upload_status = 'Incomplete', excelfile = '100679newversion.xls', excelfile_md5 = '94497f5ab864f12e4076398eca59a0a1', publication_date = null, modification_date = null, publisher_id = 3, token = null, fairnuse = null  where id = 1995 ; 
delete from dataset_funder where dataset_id='1995'
insert into dataset_funder values( 2525, 1995, 4371, 'FT140100843', 'Future Fellowship', 'Robert Lanfear' );
insert into dataset_funder values( 2526, 1995, 4371, 'FT180100024', 'Future Fellowship', 'Benjamin Schwessinger' );
delete from dataset_attributes where dataset_id='1995'
insert into dataset_attributes values( 28142, 1995, 455, 'Long-read assembly', null, null, null );
insert into dataset_attributes values( 28143, 1995, 455, 'nanopore sequencing', null, null, null );
insert into dataset_attributes values( 28144, 1995, 455, 'hybrid assembly', null, null, null );
insert into dataset_attributes values( 28145, 1995, 455, 'genome assessment', null, null, null );
insert into dataset_attributes values( 28146, 1995, 455, 'assembly comparison', null, null, null );
insert into dataset_attributes values( 28147, 1995, 455, 'Eucalyptus pauciflora', null, null, null );
insert into dataset_attributes values( 28148, 1995, 455, 'haplotig separation', null, null, null );
insert into dataset_attributes values( 28149, 1995, 455, 'genome polishing', null, null, null );
delete from dataset_author where dataset_id='1995'
insert into dataset_author values( 48613, 1995, 11153, 1 );
insert into dataset_author values( 48614, 1995, 11154, 2 );
insert into dataset_author values( 48615, 1995, 11155, 3 );
insert into dataset_author values( 48616, 1995, 11156, 4 );
insert into dataset_author values( 48617, 1995, 11157, 5 );
insert into dataset_author values( 48618, 1995, 11158, 6 );
insert into dataset_author values( 48619, 1995, 11159, 7 );
delete from relation where dataset_id='1995'
delete from link where dataset_id='1995'
insert into link values( 1911, 1995, 'TRUE', 'BioProject:PRJNA450887' );
delete from dataset_type where dataset_id='1995'
insert into dataset_type values( 3121, 1995, 2 );
delete from external_link where dataset_id='1995'
insert into external_link values( 1527, 1995, 'https://github.com/asdcid/Eucalyptus-pauciflora-genome-assembly ; https://github.com/asdcid/Genome_Assembly_Assessment', 7 );
delete from manuscript where dataset_id='1995'
delete from sample where id in (select sample_id from dataset_sample where dataset_id='1995')
insert into sample values( 145538, 63294, 'SAMN09197248', null, null, null, null, null, null );
insert into sample values( 145539, 63294, 'SAMN09197247', null, null, null, null, null, null );
insert into sample values( 145540, 63294, 'SAMN09197246', null, null, null, null, null, null );
insert into sample values( 145541, 63294, 'SAMN09197245', null, null, null, null, null, null );
insert into sample values( 145542, 63294, 'SAMN09197244', null, null, null, null, null, null );
insert into sample values( 145543, 63294, 'SAMN09197243', null, null, null, null, null, null );
insert into sample values( 145544, 63294, 'SAMN09197242', null, null, null, null, null, null );
insert into sample values( 145545, 63294, 'SAMN09197241', null, null, null, null, null, null );
insert into sample values( 145546, 63294, 'SAMN09197240', null, null, null, null, null, null );
insert into sample values( 145547, 63294, 'SAMN09197239', null, null, null, null, null, null );
insert into sample values( 145548, 63294, 'SAMN09197238', null, null, null, null, null, null );
insert into sample values( 145549, 63294, 'SAMN09197237', null, null, null, null, null, null );
insert into sample values( 145550, 63294, 'SAMN09197236', null, null, null, null, null, null );
insert into sample values( 145551, 63294, 'SAMN09197235', null, null, null, null, null, null );
insert into sample values( 145552, 63294, 'SAMN09197234', null, null, null, null, null, null );
insert into sample values( 145553, 63294, 'SAMN09197233', null, null, null, null, null, null );
delete from dataset_sample where dataset_id='1995'
insert into dataset_sample values( 149222, 1995, 145538 );
insert into dataset_sample values( 149223, 1995, 145539 );
insert into dataset_sample values( 149224, 1995, 145540 );
insert into dataset_sample values( 149225, 1995, 145541 );
insert into dataset_sample values( 149226, 1995, 145542 );
insert into dataset_sample values( 149227, 1995, 145543 );
insert into dataset_sample values( 149228, 1995, 145544 );
insert into dataset_sample values( 149229, 1995, 145545 );
insert into dataset_sample values( 149230, 1995, 145546 );
insert into dataset_sample values( 149231, 1995, 145547 );
insert into dataset_sample values( 149232, 1995, 145548 );
insert into dataset_sample values( 149233, 1995, 145549 );
insert into dataset_sample values( 149234, 1995, 145550 );
insert into dataset_sample values( 149235, 1995, 145551 );
insert into dataset_sample values( 149236, 1995, 145552 );
insert into dataset_sample values( 149237, 1995, 145553 );
delete from sample_attribute where sample_id in (select sample_id from dataset_sample where dataset_id='1995')
insert into sample_attribute values( 1412953, 145538, 914, 'Genomic DNA extracted from leaf sample from Eucalyptus pauciflora', null );
insert into sample_attribute values( 1412954, 145538, 322, 'SAMN09197248', null );
insert into sample_attribute values( 1412955, 145538, 323, 'PRJNA450887', null );
insert into sample_attribute values( 1412956, 145538, 270, 'Australia: Thredbo, Kosciuszko National Park, New South Wales, Australia', null );
insert into sample_attribute values( 1412957, 145538, 269, '-36.494330, 148.282985', null );
insert into sample_attribute values( 1412958, 145538, 877, 'leaf', null );
insert into sample_attribute values( 1412959, 145538, 924, 'Germinated in 1967, planted in 1972', null );
insert into sample_attribute values( 1412960, 145538, 271, '2017-06-01', null );
insert into sample_attribute values( 1412961, 145538, 324, 'Miriam Schalamun, Rob Lanfear', null );
insert into sample_attribute values( 1412962, 145538, 325, 'Tree labelled RB7 with an aluminium tag in the ground at its base. Branch H. The written permission was from the Scientific Licensing office of the Office of Environment and Heritage for New South Wales in accordance with national guidelines in Australia. Tissues were not deposited as voucher specimens.', null );
insert into sample_attribute values( 1412963, 145538, 376, '594.87 Mb', null );
insert into sample_attribute values( 1412964, 145539, 914, 'Genomic DNA extracted from leaf sample from Eucalyptus pauciflora', null );
insert into sample_attribute values( 1412965, 145539, 322, 'SAMN09197247', null );
insert into sample_attribute values( 1412966, 145539, 323, 'PRJNA450887', null );
insert into sample_attribute values( 1412967, 145539, 270, 'Australia: Thredbo, Kosciuszko National Park, New South Wales, Australia', null );
insert into sample_attribute values( 1412968, 145539, 269, '-36.494330, 148.282985', null );
insert into sample_attribute values( 1412969, 145539, 877, 'leaf', null );
insert into sample_attribute values( 1412970, 145539, 924, 'Germinated in 1967, planted in 1972', null );
insert into sample_attribute values( 1412971, 145539, 271, '2017-06-01', null );
insert into sample_attribute values( 1412972, 145539, 324, 'Miriam Schalamun, Rob Lanfear', null );
insert into sample_attribute values( 1412973, 145539, 325, 'Tree labelled RB7 with an aluminium tag in the ground at its base. Branch G. The written permission was from the Scientific Licensing office of the Office of Environment and Heritage for New South Wales in accordance with national guidelines in Australia. Tissues were not deposited as voucher specimens.', null );
insert into sample_attribute values( 1412974, 145539, 376, '594.87 Mb', null );
insert into sample_attribute values( 1412975, 145540, 914, 'Genomic DNA extracted from leaf sample from Eucalyptus pauciflora', null );
insert into sample_attribute values( 1412976, 145540, 322, 'SAMN09197246', null );
insert into sample_attribute values( 1412977, 145540, 323, 'PRJNA450887', null );
insert into sample_attribute values( 1412978, 145540, 270, 'Australia: Thredbo, Kosciuszko National Park, New South Wales, Australia', null );
insert into sample_attribute values( 1412979, 145540, 269, '-36.494330, 148.282985', null );
insert into sample_attribute values( 1412980, 145540, 877, 'leaf', null );
insert into sample_attribute values( 1412981, 145540, 924, 'Germinated in 1967, planted in 1972', null );
insert into sample_attribute values( 1412982, 145540, 271, '2017-06-01', null );
insert into sample_attribute values( 1412983, 145540, 324, 'Miriam Schalamun, Rob Lanfear', null );
insert into sample_attribute values( 1412984, 145540, 325, 'Tree labelled RB7 with an aluminium tag in the ground at its base. Branch F. The written permission was from the Scientific Licensing office of the Office of Environment and Heritage for New South Wales in accordance with national guidelines in Australia. Tissues were not deposited as voucher specimens.', null );
insert into sample_attribute values( 1412985, 145540, 376, '594.87 Mb', null );
insert into sample_attribute values( 1412986, 145541, 914, 'Genomic DNA extracted from leaf sample from Eucalyptus pauciflora', null );
insert into sample_attribute values( 1412987, 145541, 322, 'SAMN09197245', null );
insert into sample_attribute values( 1412988, 145541, 323, 'PRJNA450887', null );
insert into sample_attribute values( 1412989, 145541, 270, 'Australia: Thredbo, Kosciuszko National Park, New South Wales, Australia', null );
insert into sample_attribute values( 1412990, 145541, 269, '-36.494330, 148.282985', null );
insert into sample_attribute values( 1412991, 145541, 877, 'leaf', null );
insert into sample_attribute values( 1412992, 145541, 924, 'Germinated in 1967, planted in 1972', null );
insert into sample_attribute values( 1412993, 145541, 271, '2017-06-01', null );
insert into sample_attribute values( 1412994, 145541, 324, 'Miriam Schalamun, Rob Lanfear', null );
insert into sample_attribute values( 1412995, 145541, 325, 'Tree labelled RB7 with an aluminium tag in the ground at its base. Branch E. The written permission was from the Scientific Licensing office of the Office of Environment and Heritage for New South Wales in accordance with national guidelines in Australia. Tissues were not deposited as voucher specimens.', null );
insert into sample_attribute values( 1412996, 145541, 376, '594.87 Mb', null );
insert into sample_attribute values( 1412997, 145542, 914, 'Genomic DNA extracted from leaf sample from Eucalyptus pauciflora', null );
insert into sample_attribute values( 1412998, 145542, 322, 'SAMN09197244', null );
insert into sample_attribute values( 1412999, 145542, 323, 'PRJNA450887', null );
insert into sample_attribute values( 1413000, 145542, 270, 'Australia: Thredbo, Kosciuszko National Park, New South Wales, Australia', null );
insert into sample_attribute values( 1413001, 145542, 269, '-36.494330, 148.282985', null );
insert into sample_attribute values( 1413002, 145542, 877, 'leaf', null );
insert into sample_attribute values( 1413003, 145542, 924, 'Germinated in 1967, planted in 1972', null );
insert into sample_attribute values( 1413004, 145542, 271, '2017-06-01', null );
insert into sample_attribute values( 1413005, 145542, 324, 'Miriam Schalamun, Rob Lanfear', null );
insert into sample_attribute values( 1413006, 145542, 325, 'Tree labelled RB7 with an aluminium tag in the ground at its base. Branch D. The written permission was from the Scientific Licensing office of the Office of Environment and Heritage for New South Wales in accordance with national guidelines in Australia. Tissues were not deposited as voucher specimens.', null );
insert into sample_attribute values( 1413007, 145542, 376, '594.87 Mb', null );
insert into sample_attribute values( 1413008, 145543, 914, 'Genomic DNA extracted from leaf sample from Eucalyptus pauciflora', null );
insert into sample_attribute values( 1413009, 145543, 322, 'SAMN09197243', null );
insert into sample_attribute values( 1413010, 145543, 323, 'PRJNA450887', null );
insert into sample_attribute values( 1413011, 145543, 270, 'Australia: Thredbo, Kosciuszko National Park, New South Wales, Australia', null );
insert into sample_attribute values( 1413012, 145543, 269, '-36.494330, 148.282985', null );
insert into sample_attribute values( 1413013, 145543, 877, 'leaf', null );
insert into sample_attribute values( 1413014, 145543, 924, 'Germinated in 1967, planted in 1972', null );
insert into sample_attribute values( 1413015, 145543, 271, '2017-06-01', null );
insert into sample_attribute values( 1413016, 145543, 324, 'Miriam Schalamun, Rob Lanfear', null );
insert into sample_attribute values( 1413017, 145543, 325, 'Tree labelled RB7 with an aluminium tag in the ground at its base. Branch C. The written permission was from the Scientific Licensing office of the Office of Environment and Heritage for New South Wales in accordance with national guidelines in Australia. Tissues were not deposited as voucher specimens.', null );
insert into sample_attribute values( 1413018, 145543, 376, '594.87 Mb', null );
insert into sample_attribute values( 1413019, 145544, 914, 'Genomic DNA extracted from leaf sample from Eucalyptus pauciflora', null );
insert into sample_attribute values( 1413020, 145544, 322, 'SAMN09197242', null );
insert into sample_attribute values( 1413021, 145544, 323, 'PRJNA450887', null );
insert into sample_attribute values( 1413022, 145544, 270, 'Australia: Thredbo, Kosciuszko National Park, New South Wales, Australia', null );
insert into sample_attribute values( 1413023, 145544, 269, '-36.494330, 148.282985', null );
insert into sample_attribute values( 1413024, 145544, 877, 'leaf', null );
insert into sample_attribute values( 1413025, 145544, 924, 'Germinated in 1967, planted in 1972', null );
insert into sample_attribute values( 1413026, 145544, 271, '2017-06-01', null );
insert into sample_attribute values( 1413027, 145544, 324, 'Miriam Schalamun, Rob Lanfear', null );
insert into sample_attribute values( 1413028, 145544, 325, 'Tree labelled RB7 with an aluminium tag in the ground at its base. Branch B. The written permission was from the Scientific Licensing office of the Office of Environment and Heritage for New South Wales in accordance with national guidelines in Australia. Tissues were not deposited as voucher specimens.', null );
insert into sample_attribute values( 1413029, 145544, 376, '594.87 Mb', null );
insert into sample_attribute values( 1413030, 145545, 914, 'Genomic DNA extracted from leaf sample from Eucalyptus pauciflora', null );
insert into sample_attribute values( 1413031, 145545, 322, 'SAMN09197241', null );
insert into sample_attribute values( 1413032, 145545, 323, 'PRJNA450887', null );
insert into sample_attribute values( 1413033, 145545, 270, 'Australia: Thredbo, Kosciuszko National Park, New South Wales, Australia', null );
insert into sample_attribute values( 1413034, 145545, 269, '-36.494330, 148.282985', null );
insert into sample_attribute values( 1413035, 145545, 877, 'leaf', null );
insert into sample_attribute values( 1413036, 145545, 924, 'Germinated in 1967, planted in 1972', null );
insert into sample_attribute values( 1413037, 145545, 271, '2017-06-01', null );
insert into sample_attribute values( 1413038, 145545, 324, 'Miriam Schalamun, Rob Lanfear', null );
insert into sample_attribute values( 1413039, 145545, 325, 'Tree labelled RB7 with an aluminium tag in the ground at its base. Branch A. The written permission was from the Scientific Licensing office of the Office of Environment and Heritage for New South Wales in accordance with national guidelines in Australia. Tissues were not deposited as voucher specimens.', null );
insert into sample_attribute values( 1413040, 145545, 376, '594.87 Mb', null );
insert into sample_attribute values( 1413041, 145546, 914, 'Genomic DNA extracted from leaf sample from Eucalyptus pauciflora', null );
insert into sample_attribute values( 1413042, 145546, 322, 'SAMN09197240', null );
insert into sample_attribute values( 1413043, 145546, 323, 'PRJNA450887', null );
insert into sample_attribute values( 1413044, 145546, 270, 'Australia: Thredbo, Kosciuszko National Park, New South Wales, Australia', null );
insert into sample_attribute values( 1413045, 145546, 269, '-36.494330, 148.282985', null );
insert into sample_attribute values( 1413046, 145546, 877, 'leaf', null );
insert into sample_attribute values( 1413047, 145546, 924, 'Germinated in 1967, planted in 1972', null );
insert into sample_attribute values( 1413048, 145546, 271, '2016-03-01', null );
insert into sample_attribute values( 1413049, 145546, 324, 'Alejandro Morales-Suarez, Rob Lanfear', null );
insert into sample_attribute values( 1413050, 145546, 325, 'Tree labelled RB7 with an aluminium tag in the ground at its base. Branch H. The written permission was from the Scientific Licensing office of the Office of Environment and Heritage for New South Wales in accordance with national guidelines in Australia. Tissues were not deposited as voucher specimens.', null );
insert into sample_attribute values( 1413051, 145546, 376, '594.87 Mb', null );
insert into sample_attribute values( 1413052, 145547, 914, 'Genomic DNA extracted from leaf sample from Eucalyptus pauciflora', null );
insert into sample_attribute values( 1413053, 145547, 322, 'SAMN09197239', null );
insert into sample_attribute values( 1413054, 145547, 323, 'PRJNA450887', null );
insert into sample_attribute values( 1413055, 145547, 270, 'Australia: Thredbo, Kosciuszko National Park, New South Wales, Australia', null );
insert into sample_attribute values( 1413056, 145547, 269, '-36.494330, 148.282985', null );
insert into sample_attribute values( 1413057, 145547, 877, 'leaf', null );
insert into sample_attribute values( 1413058, 145547, 924, 'Germinated in 1967, planted in 1972', null );
insert into sample_attribute values( 1413059, 145547, 271, '2016-03-01', null );
insert into sample_attribute values( 1413060, 145547, 324, 'Alejandro Morales-Suarez, Rob Lanfear', null );
insert into sample_attribute values( 1413061, 145547, 325, 'Tree labelled RB7 with an aluminium tag in the ground at its base. Branch G. The written permission was from the Scientific Licensing office of the Office of Environment and Heritage for New South Wales in accordance with national guidelines in Australia. Tissues were not deposited as voucher specimens.', null );
insert into sample_attribute values( 1413062, 145547, 376, '594.87 Mb', null );
insert into sample_attribute values( 1413063, 145548, 914, 'Genomic DNA extracted from leaf sample from Eucalyptus pauciflora', null );
insert into sample_attribute values( 1413064, 145548, 322, 'SAMN09197238', null );
insert into sample_attribute values( 1413065, 145548, 323, 'PRJNA450887', null );
insert into sample_attribute values( 1413066, 145548, 270, 'Australia: Thredbo, Kosciuszko National Park, New South Wales, Australia', null );
insert into sample_attribute values( 1413067, 145548, 269, '-36.494330, 148.282985', null );
insert into sample_attribute values( 1413068, 145548, 877, 'leaf', null );
insert into sample_attribute values( 1413069, 145548, 924, 'Germinated in 1967, planted in 1972', null );
insert into sample_attribute values( 1413070, 145548, 271, '2016-03-01', null );
insert into sample_attribute values( 1413071, 145548, 324, 'Alejandro Morales-Suarez, Rob Lanfear', null );
insert into sample_attribute values( 1413072, 145548, 325, 'Tree labelled RB7 with an aluminium tag in the ground at its base. Branch F. The written permission was from the Scientific Licensing office of the Office of Environment and Heritage for New South Wales in accordance with national guidelines in Australia. Tissues were not deposited as voucher specimens.', null );
insert into sample_attribute values( 1413073, 145548, 376, '594.87 Mb', null );
insert into sample_attribute values( 1413074, 145549, 914, 'Genomic DNA extracted from leaf sample from Eucalyptus pauciflora', null );
insert into sample_attribute values( 1413075, 145549, 322, 'SAMN09197237', null );
insert into sample_attribute values( 1413076, 145549, 323, 'PRJNA450887', null );
insert into sample_attribute values( 1413077, 145549, 270, 'Australia: Thredbo, Kosciuszko National Park, New South Wales, Australia', null );
insert into sample_attribute values( 1413078, 145549, 269, '-36.494330, 148.282985', null );
insert into sample_attribute values( 1413079, 145549, 877, 'leaf', null );
insert into sample_attribute values( 1413080, 145549, 924, 'Germinated in 1967, planted in 1972', null );
insert into sample_attribute values( 1413081, 145549, 271, '2016-03-01', null );
insert into sample_attribute values( 1413082, 145549, 324, 'Alejandro Morales-Suarez, Rob Lanfear', null );
insert into sample_attribute values( 1413083, 145549, 325, 'Tree labelled RB7 with an aluminium tag in the ground at its base. Branch E. The written permission was from the Scientific Licensing office of the Office of Environment and Heritage for New South Wales in accordance with national guidelines in Australia. Tissues were not deposited as voucher specimens.', null );
insert into sample_attribute values( 1413084, 145549, 376, '594.87 Mb', null );
insert into sample_attribute values( 1413085, 145550, 914, 'Genomic DNA extracted from leaf sample from Eucalyptus pauciflora', null );
insert into sample_attribute values( 1413086, 145550, 322, 'SAMN09197236', null );
insert into sample_attribute values( 1413087, 145550, 323, 'PRJNA450887', null );
insert into sample_attribute values( 1413088, 145550, 270, 'Australia: Thredbo, Kosciuszko National Park, New South Wales, Australia', null );
insert into sample_attribute values( 1413089, 145550, 269, '-36.494330, 148.282985', null );
insert into sample_attribute values( 1413090, 145550, 877, 'leaf', null );
insert into sample_attribute values( 1413091, 145550, 924, 'Germinated in 1967, planted in 1972', null );
insert into sample_attribute values( 1413092, 145550, 271, '2016-03-01', null );
insert into sample_attribute values( 1413093, 145550, 324, 'Alejandro Morales-Suarez, Rob Lanfear', null );
insert into sample_attribute values( 1413094, 145550, 325, 'Tree labelled RB7 with an aluminium tag in the ground at its base. Branch D. The written permission was from the Scientific Licensing office of the Office of Environment and Heritage for New South Wales in accordance with national guidelines in Australia. Tissues were not deposited as voucher specimens.', null );
insert into sample_attribute values( 1413095, 145550, 376, '594.87 Mb', null );
insert into sample_attribute values( 1413096, 145551, 914, 'Genomic DNA extracted from leaf sample from Eucalyptus pauciflora', null );
insert into sample_attribute values( 1413097, 145551, 322, 'SAMN09197235', null );
insert into sample_attribute values( 1413098, 145551, 323, 'PRJNA450887', null );
insert into sample_attribute values( 1413099, 145551, 270, 'Australia: Thredbo, Kosciuszko National Park, New South Wales, Australia', null );
insert into sample_attribute values( 1413100, 145551, 269, '-36.494330, 148.282985', null );
insert into sample_attribute values( 1413101, 145551, 877, 'leaf', null );
insert into sample_attribute values( 1413102, 145551, 924, 'Germinated in 1967, planted in 1972', null );
insert into sample_attribute values( 1413103, 145551, 271, '2016-03-01', null );
insert into sample_attribute values( 1413104, 145551, 324, 'Alejandro Morales-Suarez, Rob Lanfear', null );
insert into sample_attribute values( 1413105, 145551, 325, 'Tree labelled RB7 with an aluminium tag in the ground at its base. Branch C. The written permission was from the Scientific Licensing office of the Office of Environment and Heritage for New South Wales in accordance with national guidelines in Australia. Tissues were not deposited as voucher specimens.', null );
insert into sample_attribute values( 1413106, 145551, 376, '594.87 Mb', null );
insert into sample_attribute values( 1413107, 145552, 914, 'Genomic DNA extracted from leaf sample from Eucalyptus pauciflora', null );
insert into sample_attribute values( 1413108, 145552, 322, 'SAMN09197234', null );
insert into sample_attribute values( 1413109, 145552, 323, 'PRJNA450887', null );
insert into sample_attribute values( 1413110, 145552, 270, 'Australia: Thredbo, Kosciuszko National Park, New South Wales, Australia', null );
insert into sample_attribute values( 1413111, 145552, 269, '-36.494330, 148.282985', null );
insert into sample_attribute values( 1413112, 145552, 877, 'leaf', null );
insert into sample_attribute values( 1413113, 145552, 924, 'Germinated in 1967, planted in 1972', null );
insert into sample_attribute values( 1413114, 145552, 271, '2016-03-01', null );
insert into sample_attribute values( 1413115, 145552, 324, 'Alejandro Morales-Suarez, Rob Lanfear', null );
insert into sample_attribute values( 1413116, 145552, 325, 'Tree labelled RB7 with an aluminium tag in the ground at its base. Branch B. The written permission was from the Scientific Licensing office of the Office of Environment and Heritage for New South Wales in accordance with national guidelines in Australia. Tissues were not deposited as voucher specimens.', null );
insert into sample_attribute values( 1413117, 145552, 376, '594.87 Mb', null );
insert into sample_attribute values( 1413118, 145553, 914, 'Genomic DNA extracted from leaf sample from Eucalyptus pauciflora', null );
insert into sample_attribute values( 1413119, 145553, 322, 'SAMN09197233', null );
insert into sample_attribute values( 1413120, 145553, 323, 'PRJNA450887', null );
insert into sample_attribute values( 1413121, 145553, 270, 'Australia: Thredbo, Kosciuszko National Park, New South Wales, Australia', null );
insert into sample_attribute values( 1413122, 145553, 269, '-36.494330, 148.282985', null );
insert into sample_attribute values( 1413123, 145553, 877, 'leaf', null );
insert into sample_attribute values( 1413124, 145553, 924, 'Germinated in 1967, planted in 1972', null );
insert into sample_attribute values( 1413125, 145553, 271, '2016-03-01', null );
insert into sample_attribute values( 1413126, 145553, 324, 'Alejandro Morales-Suarez, Rob Lanfear', null );
insert into sample_attribute values( 1413127, 145553, 325, 'Tree labelled RB7 with an aluminium tag in the ground at its base. Branch A. The written permission was from the Scientific Licensing office of the Office of Environment and Heritage for New South Wales in accordance with national guidelines in Australia. Tissues were not deposited as voucher specimens.', null );
insert into sample_attribute values( 1413128, 145553, 376, '594.87 Mb', null );
delete from file where dataset_id='1995'
insert into file values( 464734, 1995, 'readme_100679.txt', 'ftp://parrot.genomics.cn/gigadb/pub/10.5524/100001_101000/100679/readme_100679.txt', 'txt', 0, '', '2022/03/31', 1, 259, null, null, 0 );
insert into file values( 464735, 1995, 'Eucalyptus-pauciflora-genome-assembly-master.zip', 'ftp://parrot.genomics.cn/gigadb/pub/10.5524/100001_101000/100679/Eucalyptus-pauciflora-genome-assembly-master.zip', 'zip', 0, 'Archival copy of the GitHub repository https://github.com/asdcid/Eucalyptus-pauciflora-genome-assembly downloaded 21-Nov-2019. Eucalyptus pauciflora genome assembly.', '2022/03/31', 56, 126, null, null, 0 );
insert into file values( 464736, 1995, 'Genome_Assembly_Assessment-master.zip', 'ftp://parrot.genomics.cn/gigadb/pub/10.5524/100001_101000/100679/Genome_Assembly_Assessment-master.zip', 'zip', 0, 'Archival copy of the GitHub repository https://github.com/asdcid/Genome_Assembly_Assessment downloaded 21-Nov-2019. Genome Assembly Assessment.', '2022/03/31', 56, 126, null, null, 0 );
insert into file values( 464737, 1995, 'canu_1kb_final.fa', 'ftp://parrot.genomics.cn/gigadb/pub/10.5524/100001_101000/100679/Final_assemblies/assemblies/canu_1kb_final.fa', 'fa', 0, 'Eucalyptus pauciflora genome assemblies after Purge Haplotigs and GCICA and extra polishing, which are used for the final assessment comparison. Canu assembly.', '2022/03/31', 2, 132, null, null, 0 );
insert into file values( 464738, 1995, 'canu_35kb_final.fa', 'ftp://parrot.genomics.cn/gigadb/pub/10.5524/100001_101000/100679/Final_assemblies/assemblies/canu_35kb_final.fa', 'fa', 0, 'Eucalyptus pauciflora genome assemblies after Purge Haplotigs and GCICA and extra polishing, which are used for the final assessment comparison. Canu assembly.', '2022/03/31', 2, 132, null, null, 0 );
insert into file values( 464739, 1995, 'flye_1kb_final.fa', 'ftp://parrot.genomics.cn/gigadb/pub/10.5524/100001_101000/100679/Final_assemblies/assemblies/flye_1kb_final.fa', 'fa', 0, 'Eucalyptus pauciflora genome assemblies after Purge Haplotigs and GCICA and extra polishing, which are used for the final assessment comparison. Flye assembly.', '2022/03/31', 2, 132, null, null, 0 );
insert into file values( 464740, 1995, 'flye_35kb_final.fa', 'ftp://parrot.genomics.cn/gigadb/pub/10.5524/100001_101000/100679/Final_assemblies/assemblies/flye_35kb_final.fa', 'fa', 0, 'Eucalyptus pauciflora genome assemblies after Purge Haplotigs and GCICA and extra polishing, which are used for the final assessment comparison. Flye assembly.', '2022/03/31', 2, 132, null, null, 0 );
insert into file values( 464741, 1995, 'marvel_35kb_final.fa', 'ftp://parrot.genomics.cn/gigadb/pub/10.5524/100001_101000/100679/Final_assemblies/assemblies/marvel_35kb_final.fa', 'fa', 0, 'Eucalyptus pauciflora genome assemblies after Purge Haplotigs and GCICA and extra polishing, which are used for the final assessment comparison. Marvel assembly.', '2022/03/31', 2, 132, null, null, 0 );
insert into file values( 464742, 1995, 'masurca_1kb_final.fa', 'ftp://parrot.genomics.cn/gigadb/pub/10.5524/100001_101000/100679/Final_assemblies/assemblies/masurca_1kb_final.fa', 'fa', 0, 'Eucalyptus pauciflora genome assemblies after Purge Haplotigs and GCICA and extra polishing, which are used for the final assessment comparison. Masurca assembly.', '2022/03/31', 2, 132, null, null, 0 );
insert into file values( 464743, 1995, 'masurca_35kb_final.fa', 'ftp://parrot.genomics.cn/gigadb/pub/10.5524/100001_101000/100679/Final_assemblies/assemblies/masurca_35kb_final.fa', 'fa', 0, 'Eucalyptus pauciflora genome assemblies after Purge Haplotigs and GCICA and extra polishing, which are used for the final assessment comparison. Masurca assembly.', '2022/03/31', 2, 132, null, null, 0 );
insert into file values( 464744, 1995, 'smartdenovo_1kb_final.fa', 'ftp://parrot.genomics.cn/gigadb/pub/10.5524/100001_101000/100679/Final_assemblies/assemblies/smartdenovo_1kb_final.fa', 'fa', 0, 'Eucalyptus pauciflora genome assemblies after Purge Haplotigs and GCICA and extra polishing, which are used for the final assessment comparison. SMARTdenovo assembly.', '2022/03/31', 2, 132, null, null, 0 );
insert into file values( 464745, 1995, 'smartdenovo_35kb_final.fa', 'ftp://parrot.genomics.cn/gigadb/pub/10.5524/100001_101000/100679/Final_assemblies/assemblies/smartdenovo_35kb_final.fa', 'fa', 0, 'Eucalyptus pauciflora genome assemblies after Purge Haplotigs and GCICA and extra polishing, which are used for the final assessment comparison. SMARTdenovo assembly.', '2022/03/31', 2, 132, null, null, 0 );
insert into file values( 464746, 1995, 'base-level_error_rate_final.tar.gz', 'ftp://parrot.genomics.cn/gigadb/pub/10.5524/100001_101000/100679/Final_assemblies/base-level_error_rate_final.tar.gz', 'tar', 0, 'Results of base-level error rate of each assembly', '2022/03/31', 17, 258, null, null, 0 );
insert into file values( 464747, 1995, 'genome_sequence_similarity.tar.gz', 'ftp://parrot.genomics.cn/gigadb/pub/10.5524/100001_101000/100679/Final_assemblies/genome_sequence_similarity.tar.gz', 'tar', 0, 'MUMmer results of each pair-wise against assemblies', '2022/03/31', 17, 14, null, null, 0 );
insert into file values( 464748, 1995, 'BUSCO_final.tar.gz', 'ftp://parrot.genomics.cn/gigadb/pub/10.5524/100001_101000/100679/Final_assemblies/BUSCO_final.tar.gz', 'tar', 0, 'BUSCO results of each final assembly', '2022/03/31', 17, 154, null, null, 0 );
insert into file values( 464749, 1995, 'Egra.repeat.gff', 'ftp://parrot.genomics.cn/gigadb/pub/10.5524/100001_101000/100679/Final_assemblies/repeat_annotation/Egra.repeat.gff', 'gff', 0, 'Repeat annotation of final Eucalyptus pauciflora assembly', '2022/03/31', 5, 73, null, null, 0 );
insert into file values( 464750, 1995, 'Epau.repeat.gff', 'ftp://parrot.genomics.cn/gigadb/pub/10.5524/100001_101000/100679/Final_assemblies/repeat_annotation/Epau.repeat.gff', 'gff', 0, 'Repeat annotation of Eucalyptus grandis', '2022/03/31', 5, 73, null, null, 0 );
insert into file values( 464751, 1995, 'canu_1kb_pilon4.vcf', 'ftp://parrot.genomics.cn/gigadb/pub/10.5524/100001_101000/100679/Final_assemblies/structural_variation/canu_1kb_pilon4.vcf', 'vcf', 0, 'Sequence variants (sniffle results) of Canu assembly.', '2022/03/31', 9, 129, null, null, 0 );
insert into file values( 464752, 1995, 'canu_35kb_pilon5.vcf', 'ftp://parrot.genomics.cn/gigadb/pub/10.5524/100001_101000/100679/Final_assemblies/structural_variation/canu_35kb_pilon5.vcf', 'vcf', 0, 'Sequence variants (sniffle results) of Canu assembly.', '2022/03/31', 9, 129, null, null, 0 );
insert into file values( 464753, 1995, 'flye_1kb_pilon5.vcf', 'ftp://parrot.genomics.cn/gigadb/pub/10.5524/100001_101000/100679/Final_assemblies/structural_variation/flye_1kb_pilon5.vcf', 'vcf', 0, 'Sequence variants (sniffle results) of Flye assembly.', '2022/03/31', 9, 129, null, null, 0 );
insert into file values( 464754, 1995, 'flye_35kb_pilon5.vcf', 'ftp://parrot.genomics.cn/gigadb/pub/10.5524/100001_101000/100679/Final_assemblies/structural_variation/flye_35kb_pilon5.vcf', 'vcf', 0, 'Sequence variants (sniffle results) of Flye assembly.', '2022/03/31', 9, 129, null, null, 0 );
insert into file values( 464755, 1995, 'marvel_35kb_pilon5.vcf', 'ftp://parrot.genomics.cn/gigadb/pub/10.5524/100001_101000/100679/Final_assemblies/structural_variation/marvel_35kb_pilon5.vcf', 'vcf', 0, 'Sequence variants (sniffle results) of Marvel assembly.', '2022/03/31', 9, 129, null, null, 0 );
insert into file values( 464756, 1995, 'masurca_1kb_pilon5.vcf', 'ftp://parrot.genomics.cn/gigadb/pub/10.5524/100001_101000/100679/Final_assemblies/structural_variation/masurca_1kb_pilon5.vcf', 'vcf', 0, 'Sequence variants (sniffle results) of Masurca assembly.', '2022/03/31', 9, 129, null, null, 0 );
insert into file values( 464757, 1995, 'masurca_35kb_pilon5.vcf', 'ftp://parrot.genomics.cn/gigadb/pub/10.5524/100001_101000/100679/Final_assemblies/structural_variation/masurca_35kb_pilon5.vcf', 'vcf', 0, 'Sequence variants (sniffle results) of Masurca assembly.', '2022/03/31', 9, 129, null, null, 0 );
insert into file values( 464758, 1995, 'smartdenovo_1kb_purge_pilon3.vcf', 'ftp://parrot.genomics.cn/gigadb/pub/10.5524/100001_101000/100679/Final_assemblies/structural_variation/smartdenovo_1kb_purge_pilon3.vcf', 'vcf', 0, 'Sequence variants (sniffle results) of SMARTdenovo assembly.', '2022/03/31', 9, 129, null, null, 0 );
insert into file values( 464759, 1995, 'smartdenovo_35kb_purge_pilon5.vcf', 'ftp://parrot.genomics.cn/gigadb/pub/10.5524/100001_101000/100679/Final_assemblies/structural_variation/smartdenovo_35kb_purge_pilon5.vcf', 'vcf', 0, 'Sequence variants (sniffle results) of SMARTdenovo assembly.', '2022/03/31', 9, 129, null, null, 0 );
insert into file values( 464760, 1995, 'flye_correct_1kb_supplementary.fa', 'ftp://parrot.genomics.cn/gigadb/pub/10.5524/100001_101000/100679/Supplementary_assemblies/assemblies/flye_correct_1kb_supplementary.fa', 'fa', 0, 'Eucalyptus pauciflora genome assembly used in Supplementary result. Flye assembly. Corrected.', '2022/03/31', 2, 132, null, null, 0 );
insert into file values( 464761, 1995, 'flye_correct_35kb_supplementary.fa', 'ftp://parrot.genomics.cn/gigadb/pub/10.5524/100001_101000/100679/Supplementary_assemblies/assemblies/flye_correct_35kb_supplementary.fa', 'fa', 0, 'Eucalyptus pauciflora genome assembly used in Supplementary result. Flye assembly. Corrected.', '2022/03/31', 2, 132, null, null, 0 );
insert into file values( 464762, 1995, 'flye_uncorrect_1kb_supplementary.fa', 'ftp://parrot.genomics.cn/gigadb/pub/10.5524/100001_101000/100679/Supplementary_assemblies/assemblies/flye_uncorrect_1kb_supplementary.fa', 'fa', 0, 'Eucalyptus pauciflora genome assembly used in Supplementary result. Flye assembly. Uncorrected.', '2022/03/31', 2, 132, null, null, 0 );
insert into file values( 464763, 1995, 'flye_uncorrect_35kb_supplementary.fa', 'ftp://parrot.genomics.cn/gigadb/pub/10.5524/100001_101000/100679/Supplementary_assemblies/assemblies/flye_uncorrect_35kb_supplementary.fa', 'fa', 0, 'Eucalyptus pauciflora genome assembly used in Supplementary result. Flye assembly. Uncorrected.', '2022/03/31', 2, 132, null, null, 0 );
insert into file values( 464764, 1995, 'wtdbg2_correct_1kb_supplementary.fa', 'ftp://parrot.genomics.cn/gigadb/pub/10.5524/100001_101000/100679/Supplementary_assemblies/assemblies/wtdbg2_correct_1kb_supplementary.fa', 'fa', 0, 'Eucalyptus pauciflora genome assembly used in Supplementary result. WTDBG2 assembly. Corrected.', '2022/03/31', 2, 132, null, null, 0 );
insert into file values( 464765, 1995, 'wtdbg2_correct_35kb_supplementary.fa', 'ftp://parrot.genomics.cn/gigadb/pub/10.5524/100001_101000/100679/Supplementary_assemblies/assemblies/wtdbg2_correct_35kb_supplementary.fa', 'fa', 0, 'Eucalyptus pauciflora genome assembly used in Supplementary result. WTDBG2 assembly. Corrected.', '2022/03/31', 2, 132, null, null, 0 );
insert into file values( 464766, 1995, 'wtdbg2_uncorrect_1kb_supplementary.fa', 'ftp://parrot.genomics.cn/gigadb/pub/10.5524/100001_101000/100679/Supplementary_assemblies/assemblies/wtdbg2_uncorrect_1kb_supplementary.fa', 'fa', 0, 'Eucalyptus pauciflora genome assembly used in Supplementary result. WTDBG2 assembly. Uncorrected.', '2022/03/31', 2, 132, null, null, 0 );
insert into file values( 464767, 1995, 'wtdbg2_uncorrect_35kb_supplementary.fa', 'ftp://parrot.genomics.cn/gigadb/pub/10.5524/100001_101000/100679/Supplementary_assemblies/assemblies/wtdbg2_uncorrect_35kb_supplementary.fa', 'fa', 0, 'Eucalyptus pauciflora genome assembly used in Supplementary result. WTDBG2 assembly. Uncorrected.', '2022/03/31', 2, 132, null, null, 0 );
insert into file values( 464768, 1995, 'base-level_error_rate_supplementary.tar.gz', 'ftp://parrot.genomics.cn/gigadb/pub/10.5524/100001_101000/100679/Supplementary_assemblies/base-level_error_rate_supplementary.tar.gz', 'tar', 0, 'Results of base-level error rate of each Supplementary result assembly', '2022/03/31', 17, 258, null, null, 0 );
insert into file values( 464769, 1995, 'BUSCO_supplementary.tar.gz', 'ftp://parrot.genomics.cn/gigadb/pub/10.5524/100001_101000/100679/Supplementary_assemblies/BUSCO_supplementary.tar.gz', 'tar', 0, 'BUSCO results of each Supplementary result assembly', '2022/03/31', 17, 154, null, null, 0 );
delete from file_attributes where file_id in (select id from file where dataset_id='1995')
insert into file_attributes values( 413710, 464735, 572, 'MIT', null );
delete from dataset_project where dataset_id='1995'
